City_ID,City,Country,Date,Lat,Lng,Max Temp,Humidity,Cloudiness,Wind Speed
0,Fortuna,US,2020-05-29 04:20:50,40.6,-124.16,57.0,100,1,8.05
1,Broome,US,2020-05-29 04:21:19,42.25,-75.83,73.0,88,90,11.41
2,Awjilah,LY,2020-05-29 04:21:20,29.11,21.29,60.03,66,1,10.2
3,North Myrtle Beach,US,2020-05-29 04:17:30,33.82,-78.68,77.0,94,90,11.41
4,Hobart,AU,2020-05-29 04:20:18,-42.88,147.33,66.2,45,75,19.46
5,Fairbanks,US,2020-05-29 04:17:42,64.84,-147.72,66.2,45,90,3.36
6,Saint George,US,2020-05-29 04:20:59,37.1,-113.58,91.4,13,1,4.7
7,Ponta Do Sol,PT,2020-05-29 04:21:20,32.67,-17.1,64.4,77,20,1.12
8,Lata,PT,2020-05-29 04:21:20,40.16,-8.33,68.0,89,0,3.4
9,Ushuaia,AR,2020-05-29 04:18:48,-54.8,-68.3,42.8,79,40,18.34
10,Ribeira Grande,PT,2020-05-29 04:21:20,38.52,-28.7,60.13,62,7,8.55
11,Pierre,US,2020-05-29 04:20:37,44.37,-100.35,51.8,76,1,9.17
12,Vaini,TO,2020-05-29 04:20:07,-21.2,-175.2,75.2,88,40,9.17
13,Ahmadpur Sial,PK,2020-05-29 04:21:21,30.68,71.75,87.8,45,40,6.93
14,Kieta,PG,2020-05-29 04:21:21,-6.22,155.63,84.67,70,100,2.62
15,Rikitea,PF,2020-05-29 04:21:21,-23.12,-134.97,75.65,85,3,10.54
16,Albany,US,2020-05-29 04:21:21,42.6,-73.97,73.0,76,88,10.13
17,Bluff,NZ,2020-05-29 04:21:21,-46.6,168.33,53.76,79,43,8.05
18,Jamestown,US,2020-05-29 04:20:01,42.1,-79.24,69.01,88,40,4.7
19,Mataura,NZ,2020-05-29 04:21:22,-46.19,168.86,51.1,78,83,1.86
20,Arraial Do Cabo,BR,2020-05-29 04:21:22,-22.97,-42.03,68.74,70,19,4.36
21,Puerto Ayora,EC,2020-05-29 04:19:48,-0.74,-90.35,73.0,94,95,3.0
22,Bonavista,CA,2020-05-29 04:21:22,48.65,-53.11,46.99,78,71,1.99
23,Westport,US,2020-05-29 04:20:23,41.14,-73.36,66.99,93,90,8.05
24,Krasnogorodsk,RU,2020-05-29 04:21:22,56.83,28.28,48.54,79,0,7.23
25,Praia Da Vitoria,PT,2020-05-29 04:21:22,38.73,-27.07,57.2,76,40,5.73
26,Ypsonas,CY,2020-05-29 04:21:22,34.69,32.96,68.0,68,20,13.87
27,Kapaa,US,2020-05-29 04:19:49,22.08,-159.32,77.0,73,90,11.41
28,Butaritari,KI,2020-05-29 04:21:23,3.07,172.79,83.25,77,37,10.2
29,Punta Arenas,CL,2020-05-29 04:17:05,-53.15,-70.92,39.0,77,92,4.7
30,Lebu,CL,2020-05-29 04:21:23,-37.62,-73.65,48.94,69,8,14.81
31,Port Elizabeth,ZA,2020-05-29 04:20:25,-33.92,25.57,60.8,93,75,25.28
32,Hithadhoo,MV,2020-05-29 04:20:15,-0.6,73.08,79.14,79,100,19.3
33,Hermanus,ZA,2020-05-29 04:21:23,-34.42,19.23,60.01,99,97,3.0
34,Tierralta,CO,2020-05-29 04:21:24,8.17,-76.06,76.48,84,100,2.08
35,Sao Jose De Ribamar,BR,2020-05-29 04:21:24,-2.56,-44.05,78.8,94,25,3.36
36,Dunedin,NZ,2020-05-29 04:21:24,-45.87,170.5,57.0,62,91,0.89
37,Qaanaaq,GL,2020-05-29 04:19:53,77.48,-69.36,24.55,88,21,3.36
38,Yellowknife,CA,2020-05-29 04:20:07,62.46,-114.35,42.01,52,5,8.05
39,Port Alfred,ZA,2020-05-29 04:21:24,-33.59,26.89,62.01,90,98,8.99
40,Cabo San Lucas,MX,2020-05-29 04:16:27,22.89,-109.91,80.6,44,5,12.12
41,Tuktoyaktuk,CA,2020-05-29 04:21:25,69.45,-133.04,44.6,70,20,8.05
42,Busselton,AU,2020-05-29 04:19:52,-33.65,115.33,62.01,70,100,18.7
43,Lagoa,PT,2020-05-29 04:21:25,39.05,-27.98,60.15,65,6,10.83
44,Severo-Kurilsk,RU,2020-05-29 04:21:25,50.68,156.12,37.9,92,100,12.03
45,Cabedelo,BR,2020-05-29 04:17:58,-6.98,-34.83,77.0,94,75,4.7
46,Novyy Urengoy,RU,2020-05-29 04:21:25,66.08,76.63,51.85,53,100,12.62
47,Upernavik,GL,2020-05-29 04:21:25,72.79,-56.15,27.25,95,0,4.32
48,Binga,ZW,2020-05-29 04:21:25,-17.62,27.34,55.11,41,0,4.59
49,Vao,NC,2020-05-29 04:21:25,-22.67,167.48,73.89,81,14,11.54
50,Kuloy,RU,2020-05-29 04:21:26,61.03,42.49,58.57,64,59,1.79
51,Mnogovershinnyy,RU,2020-05-29 04:21:26,53.94,139.92,58.69,57,60,7.36
52,Awbari,LY,2020-05-29 04:21:26,26.59,12.78,70.79,30,100,8.66
53,Codrington,AU,2020-05-29 04:20:33,-38.27,141.97,60.31,59,66,15.17
54,Kutum,SD,2020-05-29 04:21:26,14.2,24.67,68.29,24,51,11.23
55,East London,ZA,2020-05-29 04:16:44,-33.02,27.91,69.8,32,98,14.99
56,Muskogee,US,2020-05-29 04:21:26,35.58,-95.33,66.0,93,1,4.7
57,Bilibino,RU,2020-05-29 04:21:26,68.05,166.44,47.03,53,0,9.57
58,Avarua,CK,2020-05-29 04:16:48,-21.21,-159.78,80.6,88,75,11.41
59,Provideniya,RU,2020-05-29 04:21:27,64.38,-173.3,37.4,86,90,13.42
60,Mangaratiba,BR,2020-05-29 04:21:27,-22.96,-44.04,61.99,80,0,4.54
61,Carbondale,US,2020-05-29 04:21:27,37.73,-89.22,69.8,73,75,3.36
62,Itarema,BR,2020-05-29 04:20:47,-2.92,-39.92,77.2,90,55,7.72
63,Robat Karim,IR,2020-05-29 04:21:27,35.48,51.08,86.0,17,7,4.7
64,Mount Gambier,AU,2020-05-29 04:21:27,-37.83,140.77,60.8,63,26,13.87
65,Chimore,BO,2020-05-29 04:21:28,-16.98,-65.13,63.63,82,89,0.92
66,Plettenberg Bay,ZA,2020-05-29 04:21:28,-34.05,23.37,60.04,89,100,11.99
67,Husavik,IS,2020-05-29 04:21:28,66.04,-17.34,48.2,81,100,18.34
68,Ararangua,BR,2020-05-29 04:21:28,-28.93,-49.49,55.15,84,0,2.64
69,Payo,ID,2020-05-29 04:21:28,-3.75,103.64,90.12,57,6,2.75
70,Katobu,ID,2020-05-29 04:21:28,-4.94,122.53,83.73,81,99,5.26
71,Kolpashevo,RU,2020-05-29 04:21:28,58.31,82.91,60.78,51,87,12.66
72,Bloemfontein,ZA,2020-05-29 04:21:28,-29.12,26.21,28.4,86,34,2.24
73,Havoysund,NO,2020-05-29 04:21:29,71.0,24.66,41.0,86,75,12.75
74,Tasiilaq,GL,2020-05-29 04:21:29,65.61,-37.64,37.4,93,100,10.29
75,Ilulissat,GL,2020-05-29 04:21:29,69.22,-51.1,28.4,79,26,3.36
76,Cape Town,ZA,2020-05-29 04:19:50,-33.93,18.42,63.0,93,75,6.93
77,Sibolga,ID,2020-05-29 04:21:29,1.74,98.78,87.76,56,100,2.44
78,Sangar,RU,2020-05-29 04:21:29,63.92,127.47,41.13,65,100,14.99
79,New Norfolk,AU,2020-05-29 04:19:54,-42.78,147.06,64.99,77,100,5.01
80,Yumen,CN,2020-05-29 04:20:53,40.28,97.2,68.43,22,24,21.63
81,Tari,NG,2020-05-29 04:21:30,12.41,4.49,86.59,39,57,8.16
82,Bijie,CN,2020-05-29 04:21:30,27.31,105.29,70.21,61,58,2.59
83,Mitsamiouli,KM,2020-05-29 04:21:30,-11.38,43.28,79.38,62,2,5.64
84,Palmer,US,2020-05-29 04:20:00,42.16,-72.33,70.0,94,90,11.41
85,Rantepao,ID,2020-05-29 04:21:30,-2.97,119.9,77.65,80,100,2.42
86,Ormara,PK,2020-05-29 04:21:30,25.21,64.64,85.87,77,0,17.47
87,Dawei,MM,2020-05-29 04:21:31,14.08,98.2,89.55,61,11,4.97
88,Pasni,PK,2020-05-29 04:21:31,25.26,63.47,87.13,67,0,8.28
89,Kavaratti,IN,2020-05-29 04:18:14,10.57,72.64,87.8,70,20,5.82
90,Kota Belud,MY,2020-05-29 04:21:31,6.35,116.43,91.4,75,20,5.82
91,Vanimo,PG,2020-05-29 04:21:31,-2.67,141.3,86.45,60,85,4.85
92,Khani,GE,2020-05-29 04:21:31,41.96,42.96,60.8,93,90,4.7
93,Port Hardy,CA,2020-05-29 04:21:32,50.7,-127.42,53.6,81,75,10.29
94,Barrow,US,2020-05-29 04:17:56,71.29,-156.79,33.8,71,1,3.67
95,Andapa,MG,2020-05-29 04:21:32,-14.65,49.65,69.55,80,82,2.24
96,Muroto,JP,2020-05-29 04:21:32,33.28,134.15,75.2,64,20,9.17
97,Bathurst,AU,2020-05-29 04:21:32,-33.42,149.58,64.99,51,0,1.45
98,Perpignan,FR,2020-05-29 04:21:32,42.75,2.75,64.0,87,0,5.82
99,Khatanga,RU,2020-05-29 04:19:54,71.97,102.5,39.07,73,100,15.41
100,Vardo,NO,2020-05-29 04:21:33,70.37,31.11,42.8,70,48,5.82
101,Aklavik,CA,2020-05-29 04:21:33,68.22,-135.01,50.0,57,20,9.17
102,Bandarbeyla,SO,2020-05-29 04:21:33,9.49,50.81,83.7,67,100,26.24
103,San Patricio,MX,2020-05-29 04:20:26,19.22,-104.7,70.83,90,0,6.33
104,Onokhoy,RU,2020-05-29 04:21:33,51.93,108.07,55.4,37,40,15.66
105,Arandis,NA,2020-05-29 04:21:33,-22.42,14.97,64.98,28,0,8.28
106,Atuona,PF,2020-05-29 04:21:33,-9.8,-139.03,80.96,76,12,14.74
107,Lewistown,US,2020-05-29 04:19:59,40.6,-77.57,71.01,100,75,3.36
108,Saskylakh,RU,2020-05-29 04:20:05,71.92,114.08,39.22,72,98,10.16
109,Senno,RU,2020-05-29 04:21:34,59.53,33.92,50.43,91,81,3.96
110,Korla,CN,2020-05-29 04:21:34,41.76,86.15,73.27,18,6,8.66
111,Arlit,NE,2020-05-29 04:19:01,18.74,7.39,85.08,30,37,18.7
112,Gat,IL,2020-05-29 04:19:01,31.61,34.76,69.01,82,42,9.66
113,Acapulco,MX,2020-05-29 04:21:17,16.86,-99.89,76.17,76,5,5.55
114,Hilo,US,2020-05-29 04:19:05,19.73,-155.09,78.8,65,90,11.41
115,Yar-Sale,RU,2020-05-29 04:21:34,66.83,70.83,47.28,74,100,17.83
116,Huarmey,PE,2020-05-29 04:21:34,-10.07,-78.15,66.99,85,0,6.76
117,La Suiza,CR,2020-05-29 04:21:35,9.85,-83.61,68.0,100,100,4.7
118,Alausi,EC,2020-05-29 04:21:35,-2.2,-78.83,48.07,98,99,1.54
119,Norman Wells,CA,2020-05-29 04:21:35,65.28,-126.83,57.2,33,20,12.75
120,Kamina,CD,2020-05-29 04:21:35,-8.74,24.99,62.44,68,4,3.15
121,Nedryhayliv,UA,2020-05-29 04:21:35,50.83,33.88,58.62,91,34,6.46
122,Mar Del Plata,AR,2020-05-29 04:21:35,-38.0,-57.56,57.0,93,75,9.17
123,Amboasary,MG,2020-05-29 04:21:35,-25.03,46.38,64.4,100,20,2.24
124,Cherskiy,RU,2020-05-29 04:21:35,68.75,161.3,57.29,35,0,16.53
125,Gravelbourg,CA,2020-05-29 04:21:36,49.88,-106.55,54.81,55,65,6.4
126,Arman,RU,2020-05-29 04:20:49,59.7,150.17,37.76,92,100,6.53
127,Faya,SA,2020-05-29 04:21:36,18.39,42.45,68.0,45,0,3.31
128,Emerald,AU,2020-05-29 04:21:36,-23.53,148.17,78.8,26,0,11.41
129,Sayanogorsk,RU,2020-05-29 04:21:36,53.09,91.4,58.69,51,70,3.22
130,Faanui,PF,2020-05-29 04:21:36,-16.48,-151.75,81.52,81,1,16.78
131,Shingu,JP,2020-05-29 04:21:36,33.73,135.98,78.8,44,20,9.17
132,Iqaluit,CA,2020-05-29 04:19:51,63.75,-68.51,23.0,79,90,8.05
133,Constantine,DZ,2020-05-29 04:21:37,36.37,6.61,55.4,76,40,3.47
134,Te Anau,NZ,2020-05-29 04:20:52,-45.42,167.72,52.18,75,53,1.25
135,Avera,US,2020-05-29 04:21:37,33.19,-82.53,75.2,83,1,3.89
136,Vilcun,CL,2020-05-29 04:21:37,-38.65,-72.23,33.8,100,90,1.34
137,Nizwa,OM,2020-05-29 04:21:37,22.93,57.53,86.86,45,7,2.55
138,Paita,PE,2020-05-29 04:21:37,-5.09,-81.11,69.82,80,27,8.08
139,Ibra,OM,2020-05-29 04:21:37,22.69,58.53,83.93,58,0,4.27
140,Cururupu,BR,2020-05-29 04:21:37,-1.83,-44.87,75.83,93,32,3.02
141,Monkey Hill,KN,2020-05-29 04:21:38,17.32,-62.72,80.6,83,62,8.05
142,Fountain,US,2020-05-29 04:19:36,38.68,-104.7,68.0,45,90,5.82
143,Chara,RU,2020-05-29 04:21:38,56.91,118.26,49.51,48,82,2.53
144,Pisco,PE,2020-05-29 04:21:38,-13.7,-76.22,68.0,77,90,6.93
145,Svetlyy,RU,2020-05-29 04:21:38,54.67,20.13,50.0,81,75,13.42
146,Batticaloa,LK,2020-05-29 04:21:38,7.71,81.69,85.51,74,82,4.38
147,Paamiut,GL,2020-05-29 04:17:46,61.99,-49.67,33.71,91,96,17.67
148,Soe,ID,2020-05-29 04:21:39,-9.86,124.28,78.39,71,100,7.27
149,Kalmunai,LK,2020-05-29 04:20:50,7.42,81.82,85.82,72,100,4.23
150,Mandalgovi,MN,2020-05-29 04:21:39,45.76,106.27,41.2,81,100,13.73
151,Lufilufi,WS,2020-05-29 04:21:39,-13.87,-171.6,80.6,94,75,5.82
152,Nikolskoye,RU,2020-05-29 04:21:39,59.7,30.79,53.6,66,0,6.71
153,Waseca,US,2020-05-29 04:21:39,44.08,-93.51,60.01,54,1,9.17
154,Castro,BR,2020-05-29 04:21:39,-24.79,-50.01,44.47,78,0,1.97
155,Pailon,BO,2020-05-29 04:21:39,-17.65,-62.75,60.8,93,96,4.7
156,Krasne,UA,2020-05-29 04:21:40,49.91,24.61,51.8,81,98,8.95
157,Kandava,LV,2020-05-29 04:21:40,57.04,22.77,46.17,77,0,9.71
158,Oranjemund,NA,2020-05-29 04:21:40,-28.55,16.43,55.65,70,0,10.18
159,Sitka,US,2020-05-29 04:21:40,57.05,-135.33,50.0,87,90,14.99
160,Santa Cruz,BO,2020-05-29 04:21:40,-17.8,-63.17,60.8,93,73,4.7
161,Cidreira,BR,2020-05-29 04:20:18,-30.18,-50.21,60.76,86,0,9.08
162,Souillac,MU,2020-05-29 04:21:40,-20.52,57.52,77.0,73,40,12.75
163,Komsomolskiy,UZ,2020-05-29 04:21:41,40.43,71.72,73.4,46,15,4.7
164,Tuatapere,NZ,2020-05-29 04:21:41,-46.13,167.68,55.13,73,47,1.43
165,Thompson,CA,2020-05-29 04:19:51,55.74,-97.86,35.6,93,90,3.36
166,Erzin,TR,2020-05-29 04:21:41,36.96,36.2,66.99,73,37,6.53
167,Sao Felix Do Xingu,BR,2020-05-29 04:21:41,-6.64,-51.99,71.4,94,53,1.03
168,Maykor,RU,2020-05-29 04:21:41,59.01,55.88,58.32,67,0,6.6
169,Zhigansk,RU,2020-05-29 04:21:41,66.77,123.37,41.32,61,100,11.81
170,Krasnoselkup,RU,2020-05-29 04:21:41,65.7,82.47,58.37,38,98,15.68
171,Bone,DE,2020-05-29 04:21:41,51.97,12.14,44.01,91,62,4.18
172,Uzhur,RU,2020-05-29 04:21:42,55.3,89.83,55.02,50,24,3.69
173,Paralimni,CY,2020-05-29 04:21:42,35.04,33.98,66.2,59,20,2.24
174,Lucea,JM,2020-05-29 04:21:42,18.45,-78.17,82.4,78,40,4.7
175,Laguna,US,2020-05-29 04:21:42,38.42,-121.42,80.6,44,1,12.75
176,Benito Juarez,MX,2020-05-29 04:21:42,19.39,-99.17,59.0,72,90,3.36
177,Bengkulu,ID,2020-05-29 04:21:42,-3.8,102.27,85.6,63,0,4.7
178,Tiksi,RU,2020-05-29 04:21:42,71.69,128.87,30.49,98,100,13.49
179,Portland,US,2020-05-29 04:20:54,45.52,-122.68,79.0,41,40,9.17
180,Pevek,RU,2020-05-29 04:21:42,69.7,170.31,37.0,80,0,20.38
181,Juneau,US,2020-05-29 04:21:43,58.3,-134.42,62.6,42,75,1.3
182,Anuradhapura,LK,2020-05-29 04:21:43,8.36,80.42,84.74,69,99,12.19
183,Impfondo,CG,2020-05-29 04:21:43,1.64,18.07,71.96,97,90,1.36
184,Chokurdakh,RU,2020-05-29 04:21:43,70.63,147.92,59.45,32,86,22.93
185,Macusani,PE,2020-05-29 04:21:43,-14.08,-70.43,31.37,89,52,1.25
186,Lithakia,GR,2020-05-29 04:21:44,37.72,20.83,57.0,87,20,3.36
187,Bezhanitsy,RU,2020-05-29 04:21:44,56.98,29.89,47.88,85,12,7.4
188,Port Macquarie,AU,2020-05-29 04:19:51,-31.43,152.92,64.0,88,2,1.01
189,Port-Gentil,GA,2020-05-29 04:21:44,-0.72,8.78,78.89,83,96,13.29
190,Catamarca,AR,2020-05-29 04:21:44,-28.47,-65.79,59.0,66,0,1.01
191,Virginia Beach,US,2020-05-29 04:19:10,36.85,-75.98,73.99,94,75,9.17
192,Ahipara,NZ,2020-05-29 04:21:44,-35.17,173.17,62.53,84,45,5.37
193,Thurso,GB,2020-05-29 04:21:44,58.59,-3.53,50.0,93,99,5.82
194,Mahebourg,MU,2020-05-29 04:21:45,-20.41,57.7,77.0,73,40,12.75
195,Calbuco,CL,2020-05-29 04:21:45,-41.77,-73.13,35.6,93,75,1.12
196,Ola,RU,2020-05-29 04:21:45,59.58,151.28,39.52,81,97,11.05
197,Oranjestad,AW,2020-05-29 04:21:45,12.52,-70.03,80.6,83,20,17.22
198,Marawi,PH,2020-05-29 04:21:11,8.0,124.29,84.99,79,93,8.01
199,Bafoulabe,ML,2020-05-29 04:21:45,13.81,-10.83,92.16,32,16,2.39
200,Sorland,NO,2020-05-29 04:21:45,67.67,12.69,44.6,100,20,16.11
201,Vangaindrano,MG,2020-05-29 04:21:45,-23.35,47.6,69.21,92,18,4.88
202,Geraldton,AU,2020-05-29 04:21:46,-28.77,114.6,71.6,60,59,17.22
203,Skjervoy,NO,2020-05-29 04:21:46,70.03,20.97,42.17,83,100,15.95
204,Mandera,KE,2020-05-29 04:21:46,3.94,41.87,78.49,71,0,12.95
205,Beringovskiy,RU,2020-05-29 04:21:46,63.05,179.32,36.21,96,99,11.54
206,Pangai,TO,2020-05-29 04:21:46,-19.8,-174.35,80.6,69,20,4.7
207,Bethel,US,2020-05-29 04:21:46,41.37,-73.41,68.0,94,90,6.93
208,Ulaangom,MN,2020-05-29 04:21:46,49.98,92.07,56.05,35,0,9.06
209,Mana,GF,2020-05-29 04:21:46,5.66,-53.78,77.67,89,100,10.09
210,Canguaretama,BR,2020-05-29 04:21:46,-6.38,-35.13,77.0,94,40,3.36
211,Carnarvon,AU,2020-05-29 04:21:47,-24.87,113.63,68.18,53,7,6.4
212,Victor Harbor,AU,2020-05-29 04:21:47,-35.57,138.62,64.0,55,0,1.01
213,Chitral,PK,2020-05-29 04:21:47,35.85,71.79,73.0,26,39,2.8
214,Moffat,GB,2020-05-29 04:21:47,55.33,-3.45,55.99,51,34,1.01
215,Buala,SB,2020-05-29 04:21:47,-8.14,159.59,85.84,66,43,4.45
216,Marsaxlokk,MT,2020-05-29 04:21:47,35.84,14.54,64.99,88,40,3.36
217,Homer,US,2020-05-29 04:21:48,59.64,-151.55,68.0,30,75,6.93
218,Maridi,SS,2020-05-29 04:21:48,4.92,29.47,67.75,94,66,3.15
219,Alice Springs,AU,2020-05-29 04:21:48,-23.7,133.88,68.0,24,0,8.05
220,Pundaguitan,PH,2020-05-29 04:21:48,6.37,126.17,84.18,74,85,7.9
221,Talnakh,RU,2020-05-29 04:21:48,69.49,88.4,44.6,66,75,6.71
222,Magugu,TZ,2020-05-29 04:21:48,-4.02,35.77,61.34,88,84,1.74
223,Georgetown,MY,2020-05-29 04:19:53,5.41,100.34,82.4,83,20,9.17
224,Poum,NC,2020-05-29 04:21:48,-20.23,164.02,76.44,78,3,8.48
225,Denpasar,ID,2020-05-29 04:20:33,-8.65,115.22,84.2,94,40,4.7
226,Gogrial,SS,2020-05-29 04:21:49,8.53,28.1,78.39,68,76,2.68
227,Maryville,US,2020-05-29 04:16:49,35.76,-83.97,69.01,88,40,3.58
228,Kodiak,US,2020-05-29 04:20:03,57.79,-152.41,55.4,54,75,5.82
229,Kavieng,PG,2020-05-29 04:20:09,-2.57,150.8,83.97,69,98,0.63
230,Victoria,HK,2020-05-29 04:21:49,22.29,114.16,87.8,70,40,9.17
231,Santa Ana,US,2020-05-29 04:20:45,33.75,-117.87,64.99,77,40,5.82
232,Altea,ES,2020-05-29 04:21:49,38.6,-0.05,64.99,38,0,6.58
233,Wadi Musa,JO,2020-05-29 04:21:49,30.32,35.48,51.37,68,1,10.71
234,Coquimbo,CL,2020-05-29 04:21:50,-29.95,-71.34,55.4,87,95,3.36
235,Padang,ID,2020-05-29 04:18:06,-0.95,100.35,86.68,64,80,4.03
236,Guaruja,BR,2020-05-29 04:21:50,-23.99,-46.26,64.0,100,0,4.03
237,Mount Isa,AU,2020-05-29 04:21:50,-20.73,139.5,80.6,19,27,10.29
238,Port Lincoln,AU,2020-05-29 04:21:50,-34.73,135.87,65.25,45,0,15.77
239,Lorengau,PG,2020-05-29 04:20:03,-2.02,147.27,86.36,65,30,5.55
240,Vestmanna,FO,2020-05-29 04:21:50,62.16,-7.17,50.0,100,100,9.17
241,Half Moon Bay,US,2020-05-29 04:18:22,37.46,-122.43,64.4,93,90,8.05
242,Huaicheng,CN,2020-05-29 04:21:50,23.91,112.19,85.44,76,65,3.69
243,Airai,TL,2020-05-29 04:21:51,-8.93,125.41,70.84,87,100,3.56
244,Markova,UA,2020-05-29 04:21:51,48.68,24.41,48.45,94,100,8.63
245,Navalcarnero,ES,2020-05-29 04:21:51,40.29,-4.01,64.0,55,0,2.24
246,Launceston,AU,2020-05-29 04:21:51,-41.45,147.17,57.99,82,90,17.22
247,Slonim,BY,2020-05-29 04:21:51,53.09,25.32,49.8,89,77,13.65
248,Kahului,US,2020-05-29 04:21:51,20.89,-156.47,80.6,61,40,20.8
249,Bredasdorp,ZA,2020-05-29 04:21:51,-34.53,20.04,60.8,87,99,10.29
250,Gien,FR,2020-05-29 04:21:51,47.69,2.63,52.0,81,0,7.92
251,Biak,ID,2020-05-29 04:21:51,-0.91,122.88,83.62,74,100,6.04
252,Leningradskiy,RU,2020-05-29 04:20:04,69.38,178.42,37.92,81,18,7.45
253,Chuy,UY,2020-05-29 04:20:16,-33.7,-53.46,54.82,86,0,7.02
254,Bandar-E Lengeh,IR,2020-05-29 04:21:52,26.56,54.88,89.6,75,0,4.7
255,Katsuura,JP,2020-05-29 04:21:52,35.13,140.3,82.99,57,20,8.05
256,Naryan-Mar,RU,2020-05-29 04:20:20,67.67,53.09,51.57,55,92,8.68
257,Saint Joseph,US,2020-05-29 04:21:52,39.77,-94.85,64.0,88,1,3.36
258,Tabou,CI,2020-05-29 04:21:52,4.42,-7.35,78.22,89,100,2.53
259,Mananjary,MG,2020-05-29 04:21:52,-21.22,48.33,69.58,89,21,4.68
260,Ninghai,CN,2020-05-29 04:21:53,29.29,121.42,81.0,69,100,4.47
261,Kokopo,PG,2020-05-29 04:21:53,-4.35,152.26,83.23,77,91,4.52
262,Sinnamary,GF,2020-05-29 04:21:53,5.38,-52.95,78.21,88,99,10.8
263,Caravelas,BR,2020-05-29 04:21:53,-17.71,-39.25,70.84,82,0,10.11
264,Roald,NO,2020-05-29 04:20:35,62.58,6.13,48.0,75,7,5.82
265,Bansang,GM,2020-05-29 04:21:53,13.43,-14.65,77.63,56,0,5.46
266,Saldanha,ZA,2020-05-29 04:21:53,-33.01,17.94,59.0,87,99,4.7
267,Placido De Castro,BR,2020-05-29 04:21:53,-10.34,-67.19,68.23,78,100,1.43
268,Inhambane,MZ,2020-05-29 04:21:53,-23.86,35.38,61.72,82,0,6.13
269,Honiara,SB,2020-05-29 04:17:08,-9.43,159.95,80.6,94,75,6.93
270,Sao Filipe,CV,2020-05-29 04:21:54,14.9,-24.5,75.33,73,32,1.39
271,Abu Road,IN,2020-05-29 04:21:54,24.48,72.78,89.2,54,40,15.79
272,Shache,CN,2020-05-29 04:21:54,38.42,77.24,84.74,14,20,14.92
273,Itaituba,BR,2020-05-29 04:21:54,-4.28,-55.98,78.8,94,20,0.76
274,Phan Thong,TH,2020-05-29 04:21:54,13.47,101.1,95.0,74,84,7.02
275,Pavlovskaya Sloboda,RU,2020-05-29 04:21:54,55.82,37.08,57.0,93,75,8.95
276,Maniitsoq,GL,2020-05-29 04:21:54,65.42,-52.9,33.46,91,86,3.06
277,Broken Hill,AU,2020-05-29 04:21:54,-31.95,141.43,66.2,32,0,8.05
278,Pringsewu,ID,2020-05-29 04:21:55,-5.36,104.97,89.22,57,41,2.77
279,Miraflores,MX,2020-05-29 04:21:55,19.22,-98.81,59.0,72,90,3.36
280,Puerto Escondido,MX,2020-05-29 04:19:19,15.85,-97.07,82.42,68,31,4.43
281,Barvinkove,UA,2020-05-29 04:21:55,48.91,37.02,63.54,92,100,3.67
282,Hasaki,JP,2020-05-29 04:21:55,35.73,140.83,84.0,47,20,3.36
283,Kendari,ID,2020-05-29 04:21:55,-3.94,122.5,87.06,64,85,4.76
284,Lerwick,GB,2020-05-29 04:18:38,60.15,-1.15,50.0,87,89,4.7
285,Beberibe,BR,2020-05-29 04:20:40,-4.18,-38.13,75.2,94,40,5.82
286,Bambous Virieux,MU,2020-05-29 04:21:56,-20.34,57.76,77.0,73,40,12.75
287,Torbay,CA,2020-05-29 04:21:56,47.67,-52.73,53.01,93,40,16.11
288,Hambantota,LK,2020-05-29 04:21:56,6.12,81.12,86.0,84,40,14.99
289,Grootfontein,NA,2020-05-29 04:21:56,-19.57,18.12,45.43,55,0,2.39
290,Beloha,MG,2020-05-29 04:21:56,-25.17,45.05,62.83,97,7,2.73
291,Narragansett,US,2020-05-29 04:21:56,41.45,-71.45,66.99,93,90,13.87
292,Krasyukovskaya,RU,2020-05-29 04:21:56,47.55,40.11,68.0,64,20,15.66
293,Rio Grande,BR,2020-05-29 04:21:56,-32.03,-52.1,52.0,97,0,7.83
294,Valleyview,CA,2020-05-29 04:21:56,55.07,-117.29,52.41,60,94,8.97
295,Thinadhoo,MV,2020-05-29 04:21:56,0.53,72.93,78.58,87,100,30.49
296,Lompoc,US,2020-05-29 04:17:39,34.64,-120.46,59.0,87,90,5.82
297,Deputatskiy,RU,2020-05-29 04:21:57,69.3,139.9,36.91,96,100,5.32
298,Saint-Philippe,RE,2020-05-29 04:21:57,-21.36,55.77,73.4,64,36,4.7
299,Kollam,IN,2020-05-29 04:17:11,8.88,76.6,86.0,74,40,2.24
300,Alta Floresta,BR,2020-05-29 04:21:57,-9.88,-56.09,70.14,94,100,1.59
301,Balabac,PH,2020-05-29 04:21:57,7.99,117.06,88.54,67,79,12.37
302,Bontang,ID,2020-05-29 04:21:57,0.13,117.5,78.37,86,100,2.26
303,Narsaq,GL,2020-05-29 04:21:57,60.92,-46.05,41.0,83,75,8.05
304,Farah,AF,2020-05-29 04:21:58,32.5,62.5,84.67,17,0,10.6
305,Mudon,MM,2020-05-29 04:21:58,16.26,97.72,89.26,60,100,3.89
306,Changli,CN,2020-05-29 04:21:58,39.7,119.15,82.0,13,24,9.91
307,San Quintin,MX,2020-05-29 04:21:58,30.48,-115.95,64.71,84,1,10.0
308,Nesebar,BG,2020-05-29 04:21:58,42.78,27.73,55.4,82,19,8.05
309,Ancud,CL,2020-05-29 04:21:58,-41.87,-73.82,41.0,100,54,6.93
310,Atambua,ID,2020-05-29 04:21:58,-9.11,124.89,83.82,65,100,1.74
311,Karaton,ID,2020-05-29 04:21:58,-6.34,106.1,89.6,66,20,5.82
312,Vaitape,PF,2020-05-29 04:21:59,-16.52,-151.75,82.36,79,0,16.69
313,Murray Bridge,AU,2020-05-29 04:20:23,-35.12,139.27,64.0,57,0,1.01
314,Esperance,AU,2020-05-29 04:21:59,-33.87,121.9,68.0,45,0,26.4
315,Galveston,US,2020-05-29 04:21:59,29.37,-94.97,77.0,88,1,10.29
316,Pontianak,ID,2020-05-29 04:21:59,-0.03,109.33,92.57,54,9,1.92
317,Matara,LK,2020-05-29 04:21:59,5.95,80.54,80.62,85,100,8.68
318,Santa Maria,BR,2020-05-29 04:21:59,-29.68,-53.81,53.6,100,0,2.24
319,Port Hawkesbury,CA,2020-05-29 04:21:59,45.62,-61.35,66.99,82,1,10.29
320,Bambanglipuro,ID,2020-05-29 04:21:59,-7.95,110.28,84.63,71,40,7.99
321,Chiredzi,ZW,2020-05-29 04:22:00,-21.05,31.67,52.21,94,0,5.21
322,Mocuba,MZ,2020-05-29 04:22:00,-16.84,36.99,68.22,97,91,2.77
323,Jalu,LY,2020-05-29 04:22:00,29.03,21.55,60.48,65,0,9.04
324,Merauke,ID,2020-05-29 04:22:00,-8.47,140.33,82.44,77,100,16.55
325,Sao Joao Da Barra,BR,2020-05-29 04:22:00,-21.64,-41.05,63.7,91,1,8.14
326,Moctezuma,MX,2020-05-29 04:22:00,29.8,-109.67,85.87,20,0,7.34
327,Sur,OM,2020-05-29 04:22:00,22.57,59.53,90.14,54,0,8.79
328,Coihaique,CL,2020-05-29 04:22:00,-45.58,-72.07,33.8,84,90,4.7
329,Boende,CD,2020-05-29 04:22:00,-0.22,20.87,72.07,97,35,0.69
330,Grand-Lahou,CI,2020-05-29 04:22:01,5.14,-5.02,78.69,90,100,8.57
331,Boden,SE,2020-05-29 04:22:01,65.83,21.69,46.4,65,81,4.7
332,Cascais,PT,2020-05-29 04:22:01,38.7,-9.42,73.99,46,4,3.0
333,Banamba,ML,2020-05-29 04:17:05,13.55,-7.45,89.62,32,98,5.97
334,Tadine,NC,2020-05-29 04:22:01,-21.55,167.88,76.14,75,24,8.37
335,Jijiga,ET,2020-05-29 04:21:05,9.35,42.8,65.1,81,27,8.84
336,Muros,ES,2020-05-29 04:22:01,42.78,-9.06,63.0,87,61,4.52
337,Kirillov,RU,2020-05-29 04:22:01,59.86,38.38,56.64,74,63,2.21
338,Abha,SA,2020-05-29 04:22:01,18.22,42.51,68.0,45,0,4.85
339,Aswan,EG,2020-05-29 04:22:02,24.09,32.91,75.2,25,0,12.75
340,San Vito Al Tagliamento,IT,2020-05-29 04:22:02,45.91,12.85,53.01,81,20,4.7
341,Adrar,MR,2020-05-29 04:21:12,20.5,-10.07,81.99,19,6,1.68
342,Balkanabat,TM,2020-05-29 04:22:02,39.51,54.37,91.11,20,19,6.46
343,Martapura,ID,2020-05-29 04:20:46,-3.42,114.85,82.13,73,99,3.18
344,Isangel,VU,2020-05-29 04:22:02,-19.55,169.27,80.6,69,40,9.17
345,Aripuana,BR,2020-05-29 04:22:02,-9.17,-60.63,72.5,92,98,1.45
346,Mogadishu,SO,2020-05-29 04:22:02,2.04,45.34,80.6,69,79,12.75
347,Glendive,US,2020-05-29 04:22:02,47.11,-104.71,55.4,54,1,5.82
348,Esqueda,MX,2020-05-29 04:22:03,30.72,-109.58,81.32,16,0,5.46
349,Omsukchan,RU,2020-05-29 04:22:03,62.53,155.8,41.47,65,0,7.83
350,Smithers,CA,2020-05-29 04:22:03,54.78,-127.17,51.8,93,90,2.24
351,Zilina,SK,2020-05-29 04:22:03,49.17,19.17,44.01,10,100,3.4
352,Santiago,CL,2020-05-29 04:21:55,-33.46,-70.65,48.2,87,100,2.24
353,Cartagena,CO,2020-05-29 04:21:11,10.4,-75.51,79.16,84,100,4.54
354,Likasi,CD,2020-05-29 04:22:03,-10.98,26.73,56.84,69,7,4.03
355,Petropavlovsk-Kamchatskiy,RU,2020-05-29 04:22:03,53.05,158.65,51.8,53,92,17.9
356,Duverge,DO,2020-05-29 04:22:04,18.38,-71.52,76.8,71,100,0.81
357,Manggar,ID,2020-05-29 04:22:04,-2.88,108.27,86.68,70,29,10.71
358,Cizre,TR,2020-05-29 04:22:04,37.33,42.19,78.46,33,0,2.35
359,Halkirk,CA,2020-05-29 04:22:04,52.28,-112.15,59.0,49,100,5.01
360,Pacific Grove,US,2020-05-29 04:22:04,36.62,-121.92,57.0,92,54,1.99
361,Villafranca Di Verona,IT,2020-05-29 04:22:04,45.35,10.84,59.0,72,89,6.93
362,Shenjiamen,CN,2020-05-29 04:22:04,29.96,122.3,70.66,82,100,6.58
363,Wajima,JP,2020-05-29 04:22:05,37.4,136.9,68.0,64,20,8.05
364,Quatre Cocos,MU,2020-05-29 04:22:05,-20.21,57.76,77.0,73,40,12.75
365,Yangambi,CD,2020-05-29 04:22:05,0.81,24.43,71.1,98,8,1.68
366,Grindavik,IS,2020-05-29 04:22:05,63.84,-22.43,48.2,93,75,32.21
367,Vanavara,RU,2020-05-29 04:22:07,60.34,102.28,53.46,40,23,5.3
368,Havre-Saint-Pierre,CA,2020-05-29 04:22:07,50.23,-63.6,59.0,93,75,3.36
369,Kirakira,SB,2020-05-29 04:22:07,-10.45,161.92,84.87,75,20,9.46
370,Palana,RU,2020-05-29 04:20:33,59.12,159.97,38.5,75,7,13.09
371,Kruisfontein,ZA,2020-05-29 04:20:08,-34.0,24.73,57.9,94,100,16.96
372,Jiexiu,CN,2020-05-29 04:22:07,37.02,111.91,83.5,22,23,8.59
373,Filadelfia,US,2020-05-29 04:19:35,39.95,-75.16,73.0,88,90,6.93
374,Tolaga Bay,NZ,2020-05-29 04:22:08,-38.37,178.3,56.08,67,99,2.39
375,Tahta,EG,2020-05-29 04:22:08,26.77,31.5,73.4,35,0,8.05
376,Flinders,AU,2020-05-29 04:22:08,-34.58,150.86,66.99,70,48,4.0
377,Kamenka,RU,2020-05-29 04:21:32,51.32,42.77,64.99,65,1,7.0
378,Richards Bay,ZA,2020-05-29 04:22:08,-28.78,32.04,56.14,39,0,4.38
379,Edd,ER,2020-05-29 04:22:08,13.93,41.69,89.8,48,90,5.03
380,Constitucion,CL,2020-05-29 04:22:08,-35.33,-72.42,53.71,77,99,4.94
381,Beidao,CN,2020-05-29 04:22:09,34.57,105.89,77.14,37,13,9.01
382,Khatassy,RU,2020-05-29 04:22:09,61.9,129.64,41.0,48,75,15.66
383,Yaan,NG,2020-05-29 04:22:09,7.38,8.57,75.52,95,100,4.99
384,Warri,NG,2020-05-29 04:22:09,5.52,5.75,76.78,94,100,3.18
385,Kristiansund,NO,2020-05-29 04:22:09,63.11,7.73,46.4,75,75,5.82
386,Krasnyy Chikoy,RU,2020-05-29 04:22:09,50.36,108.75,51.6,46,100,7.09
387,Genhe,CN,2020-05-29 04:22:09,50.78,121.52,78.19,30,97,10.31
388,Fukue,JP,2020-05-29 04:22:09,32.69,128.84,77.0,53,75,5.82
389,San Cristobal,VE,2020-05-29 04:22:09,7.77,-72.22,66.72,93,100,2.95
390,Nanortalik,GL,2020-05-29 04:20:01,60.14,-45.24,36.09,84,94,11.07
391,Eidsvag,NO,2020-05-29 04:22:10,62.78,8.07,46.4,75,75,5.82
392,Bratsk,RU,2020-05-29 04:22:10,56.13,101.61,48.2,70,75,6.71
393,Kyzyl-Suu,KG,2020-05-29 04:22:10,42.34,78.0,67.35,39,0,5.19
394,Ixtapa,MX,2020-05-29 04:22:10,20.7,-105.2,69.91,84,40,1.77
395,Mlowo,TZ,2020-05-29 04:22:10,-9.0,32.98,55.13,95,49,2.71
396,Wuda,CN,2020-05-29 04:22:10,39.5,106.71,81.86,16,0,12.95
397,Athni,IN,2020-05-29 04:22:10,16.73,75.07,86.7,45,0,7.07
398,Qaqortoq,GL,2020-05-29 04:22:11,60.72,-46.03,41.0,85,75,8.05
399,Loiza,PR,2020-05-29 04:22:11,18.43,-65.88,78.8,78,1,3.36
400,San Isidro,PE,2020-05-29 04:22:11,-12.12,-77.05,66.2,82,90,11.41
401,Lavrentiya,RU,2020-05-29 04:22:11,65.58,-171.0,34.54,89,96,8.28
402,Missoula,US,2020-05-29 04:22:11,47.02,-113.8,69.8,56,1,2.04
403,Beyneu,KZ,2020-05-29 04:22:11,45.32,55.2,88.16,19,54,7.4
404,Knysna,ZA,2020-05-29 04:22:11,-34.04,23.05,59.0,100,90,11.41
405,Vikulovo,RU,2020-05-29 04:22:11,56.82,70.61,62.76,60,13,10.47
406,Sagay,PH,2020-05-29 04:22:12,10.94,123.42,87.17,66,89,6.02
407,Jumla,NP,2020-05-29 04:22:12,29.27,82.18,64.94,41,99,4.94
408,Vila Franca Do Campo,PT,2020-05-29 04:22:12,37.72,-25.43,55.4,71,20,6.93
409,Lar,IN,2020-05-29 04:22:12,26.2,83.97,91.96,48,5,11.14
410,Punta Cardon,VE,2020-05-29 04:22:12,11.66,-70.22,79.48,83,99,10.49
411,Clarence Town,AU,2020-05-29 04:22:12,-32.58,151.78,66.0,82,75,12.75
412,Port Moresby,PG,2020-05-29 04:17:28,-9.44,147.18,87.8,74,40,11.41
413,Hofn,IS,2020-05-29 04:22:12,64.25,-15.21,48.78,94,93,7.72
414,Ardatov,RU,2020-05-29 04:19:05,55.24,43.1,58.53,78,84,9.46
415,Anloga,GH,2020-05-29 04:22:13,5.79,0.9,75.2,94,75,4.7
416,Salinas,US,2020-05-29 04:17:48,36.68,-121.66,59.0,82,90,12.75
417,Cockburn Town,TC,2020-05-29 04:22:13,21.46,-71.14,80.73,79,14,18.41
418,Belyy Yar,RU,2020-05-29 04:22:13,53.6,91.39,55.4,50,40,4.47
419,Viedma,AR,2020-05-29 04:22:13,-40.81,-63.0,51.37,73,100,9.89
420,Fort Morgan,US,2020-05-29 04:18:32,40.25,-103.8,62.6,59,75,10.29
421,Guadalupe Y Calvo,MX,2020-05-29 04:22:13,26.1,-106.97,54.82,87,74,5.19
422,Klaksvik,FO,2020-05-29 04:19:49,62.23,-6.59,50.0,100,100,9.17
423,Camopi,GF,2020-05-29 04:22:13,3.17,-52.32,72.9,97,100,1.68
424,Anjad,IN,2020-05-29 04:22:14,22.03,75.05,95.13,37,2,13.0
425,Anse-Bertrand,GP,2020-05-29 04:22:14,16.47,-61.51,77.0,83,40,4.7
426,Hollister,US,2020-05-29 04:20:31,36.85,-121.4,61.0,82,1,10.29
427,Porto Murtinho,BR,2020-05-29 04:22:14,-21.7,-57.88,59.77,70,0,3.4
428,Bethany,US,2020-05-29 04:22:14,45.56,-122.87,79.0,49,1,9.17
429,Clovis,US,2020-05-29 04:20:48,36.83,-119.7,95.0,24,1,13.87
430,Kharitonovo,RU,2020-05-29 04:22:15,61.4,47.5,58.59,62,55,5.28
431,Fort Nelson,CA,2020-05-29 04:22:15,58.81,-122.7,59.0,54,75,3.36
432,Dekar,BW,2020-05-29 04:22:15,-21.53,21.93,45.77,42,0,3.8
433,Lubao,PH,2020-05-29 04:22:15,14.92,120.55,91.4,59,75,11.41
434,Brae,GB,2020-05-29 04:22:15,60.4,-1.35,50.0,87,98,6.93
435,Kostomuksha,RU,2020-05-29 04:22:15,64.57,30.58,47.28,55,8,4.29
436,Traverse City,US,2020-05-29 04:18:38,44.76,-85.62,64.4,88,90,5.82
437,Toora-Khem,RU,2020-05-29 04:22:15,52.47,96.11,51.44,45,81,8.52
438,Ilhabela,BR,2020-05-29 04:22:16,-23.78,-45.36,61.81,81,3,3.58
439,Ginir,ET,2020-05-29 04:22:16,7.13,40.7,60.31,84,36,3.27
440,Eichstatt,DE,2020-05-29 04:22:16,48.88,11.18,46.4,87,75,1.12
441,Mont-Dore,NC,2020-05-29 04:22:16,-22.28,166.58,79.0,99,1,2.91
442,Jesup,US,2020-05-29 04:22:16,31.61,-81.89,78.8,83,1,2.93
443,Khovu-Aksy,RU,2020-05-29 04:22:16,51.13,93.6,48.25,50,68,6.2
444,Touros,BR,2020-05-29 04:22:16,-5.2,-35.46,77.0,100,40,4.7
445,Xichang,CN,2020-05-29 04:22:16,27.9,102.26,70.59,51,26,2.73
446,Jalingo,NG,2020-05-29 04:22:16,8.88,11.37,79.02,80,98,5.37
447,Raudeberg,NO,2020-05-29 04:22:17,61.99,5.14,45.0,87,2,5.88
448,Kununurra,AU,2020-05-29 04:22:17,-15.77,128.73,89.6,14,100,8.05
449,Malmesbury,ZA,2020-05-29 04:19:03,-33.46,18.73,62.01,93,75,6.93
450,Marshalltown,US,2020-05-29 04:22:17,42.05,-92.91,60.8,72,1,10.29
451,Makakilo City,US,2020-05-29 04:22:17,21.35,-158.09,84.0,57,20,4.7
452,Manjacaze,MZ,2020-05-29 04:22:17,-24.71,33.88,54.75,73,0,6.69
453,Alberton,CA,2020-05-29 04:22:17,46.82,-64.07,59.0,49,69,41.0
454,Chiang Khong,TH,2020-05-29 04:22:17,20.26,100.4,86.0,62,40,3.36
455,Pangnirtung,CA,2020-05-29 04:22:18,66.15,-65.71,15.53,91,34,2.42
456,Arkhonskaya,RU,2020-05-29 04:22:18,43.11,44.51,66.2,93,100,4.47
457,Kousseri,CM,2020-05-29 04:22:18,12.08,15.03,84.2,39,57,3.36
458,Lasa,IT,2020-05-29 04:20:28,46.62,10.7,41.0,80,20,5.82
459,Hualmay,PE,2020-05-29 04:22:18,-11.1,-77.61,65.59,85,1,6.6
460,Vila Velha,BR,2020-05-29 04:22:18,-20.33,-40.29,66.0,93,18,9.22
461,Ampanihy,MG,2020-05-29 04:22:18,-24.7,44.75,61.88,98,24,2.68
462,Vestmannaeyjar,IS,2020-05-29 04:22:18,63.44,-20.27,48.79,93,96,32.48
463,Haimen,CN,2020-05-29 04:22:19,23.19,116.61,78.8,88,90,6.71
464,Ucluelet,CA,2020-05-29 04:22:19,48.93,-125.55,62.01,73,100,3.0
465,Baoning,CN,2020-05-29 04:22:19,25.34,110.03,84.2,70,96,6.71
466,Evensk,RU,2020-05-29 04:22:19,61.95,159.23,47.28,53,85,7.67
467,Tilichiki,RU,2020-05-29 04:22:19,60.47,166.1,36.86,95,100,7.36
468,Karlstad,SE,2020-05-29 04:22:19,59.38,13.5,46.4,81,47,6.93
469,Saint-Pierre,RE,2020-05-29 04:20:25,-21.34,55.48,73.4,64,0,4.7
470,Shimoda,JP,2020-05-29 04:22:19,34.67,138.95,71.6,68,20,5.82
471,Fort Abbas,PK,2020-05-29 04:22:20,29.19,72.85,95.18,33,1,18.63
472,Nome,US,2020-05-29 04:22:20,64.5,-165.41,51.01,75,1,6.93
473,Culebra,PR,2020-05-29 04:22:20,18.3,-65.3,82.4,78,40,6.93
474,Nelson Bay,AU,2020-05-29 04:22:20,-32.72,152.15,62.6,82,75,12.75
475,Chardara,KZ,2020-05-29 04:22:20,41.25,67.97,76.71,26,0,12.88
476,Pingliang,CN,2020-05-29 04:22:20,35.54,106.69,77.67,24,1,10.18
477,Japura,ID,2020-05-29 04:22:20,-0.32,102.35,90.55,58,38,4.05
478,Cayenne,GF,2020-05-29 04:17:53,4.93,-52.33,75.2,100,75,2.24
479,Ciudad Bolivar,VE,2020-05-29 04:22:21,8.12,-63.55,81.77,63,100,11.59
480,Seoul,KR,2020-05-29 04:19:54,37.57,126.98,78.8,47,0,4.7
481,Oriximina,BR,2020-05-29 04:22:21,-1.77,-55.87,75.25,93,97,0.4
482,Petropavl,KZ,2020-05-29 04:22:12,54.88,69.16,69.8,64,79,6.71
483,Chaman,PK,2020-05-29 04:22:21,30.92,66.45,85.86,14,18,5.12
484,Leirvik,NO,2020-05-29 04:22:21,59.78,5.5,46.0,80,25,2.95
485,Flin Flon,CA,2020-05-29 04:18:20,54.77,-101.86,36.54,93,99,5.39
486,Comodoro Rivadavia,AR,2020-05-29 04:18:34,-45.87,-67.5,46.4,81,40,8.05
487,Uthal,PK,2020-05-29 04:22:22,25.81,66.62,90.1,48,0,3.44
488,Thai Binh,VN,2020-05-29 04:22:22,20.45,106.33,87.8,74,75,10.29
489,Rudsar,IR,2020-05-29 04:22:22,37.14,50.29,71.6,73,42,4.7
490,San Sebastian,ES,2020-05-29 04:22:22,43.31,-1.98,61.0,87,0,2.24
491,The Valley,AI,2020-05-29 04:22:22,18.22,-63.06,82.4,78,20,8.05
492,Necochea,AR,2020-05-29 04:22:22,-38.55,-58.74,55.0,83,4,4.0
493,Amla,IN,2020-05-29 04:22:22,21.93,78.12,92.3,34,0,14.52
494,Easton,US,2020-05-29 04:21:11,40.69,-75.22,73.4,83,90,9.17
495,Ndola,ZM,2020-05-29 04:22:23,-12.96,28.64,55.38,97,9,4.14
496,Kotelnikovo,RU,2020-05-29 04:22:23,47.63,43.15,69.24,64,26,16.08
497,Pouebo,NC,2020-05-29 04:22:23,-20.4,164.57,77.68,72,15,6.35
498,Belyye Berega,RU,2020-05-29 04:22:23,53.21,34.66,53.6,87,75,6.71
499,Kurgan,RU,2020-05-29 04:19:08,55.45,65.33,63.46,55,23,10.98
500,Ranghulu,CN,2020-05-29 04:22:23,46.65,124.87,81.32,23,0,19.13
501,Puerto Baquerizo Moreno,EC,2020-05-29 04:22:23,-0.9,-89.6,73.17,90,100,10.74
502,Benicarlo,ES,2020-05-29 04:22:24,40.42,0.43,53.01,84,0,1.01
503,Najran,SA,2020-05-29 04:22:15,17.49,44.13,77.0,27,0,2.24
504,Terrace,CA,2020-05-29 04:21:20,54.52,-128.6,55.4,93,90,10.29
505,Maumere,ID,2020-05-29 04:22:24,-8.62,122.21,84.6,68,100,1.07
506,Mahibadhoo,MV,2020-05-29 04:22:24,3.78,72.97,84.13,76,99,18.66
507,Benton Harbor,US,2020-05-29 04:22:24,42.12,-86.45,63.0,93,90,8.75
508,Preobrazheniye,RU,2020-05-29 04:22:24,42.9,133.91,69.55,44,0,9.06
509,Sesimbra,PT,2020-05-29 04:22:24,38.44,-9.1,73.99,88,0,1.12
510,Knittelfeld,AT,2020-05-29 04:22:25,47.22,14.82,41.0,86,7,2.24
511,Bathsheba,BB,2020-05-29 04:22:25,13.22,-59.52,80.6,78,20,19.46
512,Kaitangata,NZ,2020-05-29 04:19:58,-46.28,169.85,57.0,63,99,5.5
513,Shaunavon,CA,2020-05-29 04:20:57,49.65,-108.42,53.91,49,19,7.23
514,Egvekinot,RU,2020-05-29 04:22:25,66.32,-179.17,30.79,100,100,6.33
515,Maunabo,PR,2020-05-29 04:22:25,18.01,-65.9,77.0,85,70,6.76
516,Sioux Lookout,CA,2020-05-29 04:21:30,50.1,-91.92,50.0,93,90,6.93
517,Tangjiazhuang,CN,2020-05-29 04:22:25,39.73,118.45,82.0,13,76,8.05
518,Taltal,CL,2020-05-29 04:22:26,-25.4,-70.48,56.88,81,95,4.07
519,Ulaanbaatar,MN,2020-05-29 04:22:26,47.91,106.88,37.4,84,75,8.95
520,Baker,US,2020-05-29 04:22:26,30.59,-91.17,72.0,88,1,1.9
521,Guilin,CN,2020-05-29 04:22:26,25.28,110.29,84.2,70,94,6.71
522,Wawa,NG,2020-05-29 04:22:26,9.9,4.42,79.7,65,82,3.53
523,Teknaf,BD,2020-05-29 04:22:26,20.86,92.31,89.78,61,70,4.43
524,Coari,BR,2020-05-29 04:22:26,-4.08,-63.14,73.58,96,100,1.07
525,Kinsale,IE,2020-05-29 04:20:21,51.71,-8.53,55.0,81,100,12.75
526,Prince Rupert,CA,2020-05-29 04:22:26,54.32,-130.32,51.8,87,90,3.36
527,Ustka,PL,2020-05-29 04:22:27,54.58,16.86,50.13,72,66,4.9
528,Burns Lake,CA,2020-05-29 04:22:27,54.23,-125.75,55.99,66,100,2.68
529,Shenkursk,RU,2020-05-29 04:22:27,62.11,42.9,51.24,82,69,4.38
530,Campechuela,CU,2020-05-29 04:22:27,20.23,-77.28,77.13,88,95,11.25
531,Batak,BG,2020-05-29 04:22:27,41.95,24.22,55.4,71,20,11.41
532,Edendale,ZA,2020-05-29 04:22:27,-29.65,30.31,64.99,89,19,5.44
533,Iranshahr,IR,2020-05-29 04:22:27,27.2,60.68,91.4,15,0,4.7
534,Kenai,US,2020-05-29 04:22:27,60.55,-151.26,71.6,21,20,19.46
535,Moussoro,TD,2020-05-29 04:22:28,13.64,16.49,85.1,14,44,9.53
536,Riyadh,SA,2020-05-29 04:21:55,24.69,46.72,87.8,27,0,2.64
537,Lac Du Bonnet,CA,2020-05-29 04:22:28,50.25,-96.06,46.0,81,97,5.99
538,Maniwaki,CA,2020-05-29 04:22:28,46.38,-75.97,68.11,97,100,7.16
539,Ruteng,ID,2020-05-29 04:22:28,-8.61,120.47,74.48,84,96,1.12
540,Kuytun,RU,2020-05-29 04:22:28,54.34,101.5,52.79,44,62,7.25
541,Harper,LR,2020-05-29 04:20:52,4.38,-7.72,78.64,88,100,3.62
542,Dawlatabad,AF,2020-05-29 04:22:28,36.41,64.91,90.88,16,0,5.17
543,Iwanai,JP,2020-05-29 04:22:29,42.97,140.51,64.87,47,0,7.29
544,Abu Samrah,SY,2020-05-29 04:22:29,35.3,37.18,61.88,69,0,17.18
545,Khuzhir,RU,2020-05-29 04:22:29,53.19,107.34,46.15,57,40,2.86
546,Urubicha,BO,2020-05-29 04:22:03,-15.38,-62.95,62.46,73,100,1.23
547,Erenhot,CN,2020-05-29 04:22:29,43.65,111.98,84.25,14,55,24.07
548,Shetpe,KZ,2020-05-29 04:22:29,44.17,52.12,85.73,17,17,15.12
549,Samarai,PG,2020-05-29 04:22:29,-10.62,150.67,81.84,82,47,11.97
550,Luderitz,NA,2020-05-29 04:22:29,-26.65,15.16,51.8,34,0,2.24
551,Witu,KE,2020-05-29 04:22:29,-2.39,40.44,76.12,86,13,8.19
552,Belonia,IN,2020-05-29 04:22:30,23.25,91.45,91.0,55,11,5.01
553,Wielun,PL,2020-05-29 04:22:30,51.22,18.57,48.0,81,70,5.01
554,Ust-Ishim,RU,2020-05-29 04:22:30,57.69,71.17,62.56,57,48,10.45
555,Dinguiraye,GN,2020-05-29 04:22:30,11.3,-10.72,78.53,65,87,1.57
556,Mayo,US,2020-05-29 04:22:30,38.89,-76.51,73.0,94,90,10.29
557,Stephenville,US,2020-05-29 04:22:30,32.22,-98.2,73.4,64,1,4.7
558,Teya,RU,2020-05-29 04:21:05,60.38,92.63,60.15,32,0,4.41
559,Rumford,US,2020-05-29 04:22:31,44.55,-70.55,71.01,82,15,1.99
560,Adre,TD,2020-05-29 04:22:31,13.47,22.2,75.36,19,70,13.85
561,Bolgatanga,GH,2020-05-29 04:22:31,10.79,-0.85,84.83,50,100,1.86
562,Slave Lake,CA,2020-05-29 04:21:07,55.28,-114.77,57.2,58,75,3.36
563,Nizhniy Kuranakh,RU,2020-05-29 04:21:07,58.84,125.49,48.96,50,83,8.97
564,Bhanpuri,IN,2020-05-29 04:22:31,21.1,80.92,102.79,23,29,10.71
565,Ternate,ID,2020-05-29 04:22:31,0.8,127.4,87.42,64,88,3.31
566,Daloa,CI,2020-05-29 04:22:31,6.88,-6.45,73.17,99,100,3.27
567,Udachnyy,RU,2020-05-29 04:22:31,66.42,112.4,32.0,65,90,8.95
568,Kouroussa,GN,2020-05-29 04:22:32,10.65,-9.88,77.41,77,96,2.75
569,Los Llanos De Aridane,ES,2020-05-29 04:22:32,28.66,-17.92,68.0,77,40,10.29
570,Berlevag,NO,2020-05-29 04:22:32,70.86,29.09,41.0,86,75,10.29
571,Chapais,CA,2020-05-29 04:22:32,49.78,-74.85,68.0,82,90,16.11
572,Sanchursk,RU,2020-05-29 04:22:32,56.94,47.25,60.12,71,0,2.15
573,Yekaterinoslavka,RU,2020-05-29 04:22:32,50.37,129.11,78.13,37,64,15.3
574,La Ronge,CA,2020-05-29 04:22:32,55.1,-105.28,41.0,86,20,4.85
575,Akalkot,IN,2020-05-29 04:22:32,17.53,76.22,93.6,34,0,18.63
576,Yatou,CN,2020-05-29 04:22:33,37.15,122.38,70.5,50,78,17.34
577,Rawlins,US,2020-05-29 04:20:11,41.79,-107.24,59.0,67,1,5.82
578,Seddon,AU,2020-05-29 04:22:33,-37.81,144.89,64.0,72,75,12.75
579,Nantucket,US,2020-05-29 04:19:21,41.28,-70.1,62.01,93,75,12.75
580,Dikson,RU,2020-05-29 04:19:53,73.51,80.55,32.18,99,100,9.33
581,Tiznit,MA,2020-05-29 04:22:33,29.58,-9.5,67.39,67,4,1.57
582,Skibbereen,IE,2020-05-29 04:22:33,51.55,-9.27,53.6,81,100,12.75
583,Mehamn,NO,2020-05-29 04:22:34,71.04,27.85,41.0,86,75,10.29
